{"cameraMode":{"drawMode":0,"name":"Shaded","section":"Shading Mode"},"sceneLighting":false,"audioPlay":false,"sceneViewState":{"showFog":true,"showMaterialUpdate":false,"showSkybox":false,"showFlares":true,"showImageEffects":true,"showParticleSystems":true},"in2DMode":false,"pivot":{"x":2.0795912742614748,"y":1.411799669265747,"z":0.0008180141448974609},"rotation":{"x":-0.20681576430797578,"y":-0.6274030208587647,"z":0.17790907621383668,"w":-0.7293429374694824},"size":5.321836948394775,"orthographic":false}